time_s,relative_frequency_hz,linear_trend_hz,peak_to_local_median_db
1.5,0.07357596653818632,0.03156926240217217,20.671921644092723
1.75,0.04331825313768434,0.031518364426702306,20.623318498531404
2.0,0.035788143490187,0.031467466451225334,19.213409522590354
2.25,0.058365119791481845,0.03141656847575547,21.362572196477245
2.5,0.08073702855141818,0.0313656705002856,22.812744706962764
2.75,0.08417403546658875,0.03131477252481574,24.546022585247997
3.0,0.08201632848080465,0.03126387454934587,22.372655277283414
3.25,0.06230466784631972,0.031212976573876006,21.512845662801748
3.5,0.01089038719455715,0.03116207859840614,21.766344396047877
3.75,-0.027416813482659563,0.03111118062292917,22.963209754943627
4.0,-0.034111351610313534,0.031060282647459303,21.91298070518514
4.25,-0.013463749361420696,0.031009384671989437,20.289098611774282
4.5,0.0011307849128030512,0.03095848669651957,20.62616430547662
4.75,0.004976719465147994,0.030907588721049706,23.099579848083103
5.0,0.0019714066091296445,0.03085669074557984,21.170884094525757
5.25,0.0072340129239876205,0.030805792770109974,21.927798988096498
5.5,0.026478055050219496,0.030754894794633003,22.296212478722964
5.75,0.05641780389608897,0.030703996819163137,22.370668862518123
6.0,0.06620214717381145,0.03065309884369327,21.28175471739646
6.25,0.05384649030896327,0.030602200868223406,20.100042104946144
6.5,0.0337497567531031,0.03055130289275354,18.945430703202597
6.75,0.02989573171270621,0.030500404917283674,20.009097220815036
7.0,0.04165118836311876,0.03044950694181381,21.962808797451416
7.25,0.05161055124092684,0.030398608966343943,22.297450046184583
7.5,0.04267445227263522,0.030347710990866972,21.17087272080044
7.75,0.026454596531621632,0.030296813015397106,21.69886020692576
8.0,0.021235408620377427,0.03024591503992724,20.909414733566333
8.25,0.041681155809150994,0.030195017064457375,19.814280939300225
8.5,0.07965201575216696,0.03014411908898751,18.872097471340112
8.75,0.10949413439885092,0.030093221113517643,19.70100954949537
9.0,0.10681557053595725,0.030042323138047777,21.411591892474565
9.25,0.09123314077339728,0.029991425162570806,23.444791359854584
9.5,0.08010371201017108,0.02994052718710094,22.102565410444626
9.75,0.07549999400038843,0.029889629211631075,22.36880742820518
10.0,0.06664173006659269,0.02983873123616121,22.486543833462726
10.25,0.04963846464056587,0.029787833260691343,22.70742131540889
10.5,0.032771349766427704,0.029736935285221477,22.383514467222835
10.75,0.03677625476285584,0.02968603730975161,20.789610213078056
11.0,0.0611335025906925,0.029635139334281746,19.263442813509574
11.25,0.0689887189957048,0.029584241358804775,19.440582000925176
11.5,0.04841530083918144,0.02953334338333491,17.792969409980408
11.75,0.0132040448781936,0.029482445407865043,18.625873446622002
12.0,-0.007459048862919815,0.029431547432395178,20.63920001316488
12.25,-0.00361245096731011,0.029380649456925312,21.090131904381487
12.5,0.008900636666808737,0.029329751481455446,19.429920643513952
12.75,0.02334120448401933,0.02927885350598558,19.227509886711942
13.0,0.04266076786614548,0.02922795553050861,18.818248511092897
13.25,0.025962996241048586,0.029177057555038743,17.990261780654546
13.5,-0.029695762052348584,0.029126159579568878,19.45560320251432
13.75,-0.08614566898839371,0.029075261604099012,20.725520945196227
14.0,-0.09985512138866426,0.029024363628629146,20.817171627441088
14.25,-0.0656297949610618,0.02897346565315928,20.608682448353264
14.5,-0.0271666007137199,0.028922567677689415,21.194489882877097
14.75,-0.01319576542785228,0.028871669702212444,22.626786324033553
15.0,-0.028937406463960258,0.028820771726742578,22.32353188887439
15.25,-0.05548190857624036,0.028769873751272712,21.831258274690693
15.5,-0.08209163413298626,0.028718975775802846,22.674646719299144
15.75,-0.09393621067731317,0.02866807780033298,22.13184377059204
16.0,-0.08491069118181116,0.028617179824863115,20.82637656577624
16.25,-0.0784852308704771,0.02856628184939325,20.716724934857904
16.5,-0.09406675728543235,0.028515383873923383,21.654513089803448
16.75,-0.10469530266861682,0.028464485898446412,20.88889873456424
17.0,-0.0941389610325345,0.028413587922976546,18.91741826150339
17.25,-0.0707969315718131,0.02836268994750668,17.682248721224767
17.5,-0.049834497519348986,0.028311791972036815,18.417440869101934
17.75,-0.0522994649074775,0.02826089399656695,19.590110755861353
18.0,-0.08228468757403817,0.028209996021097083,18.317630371859174
18.25,-0.1180679488518308,0.028159098045627218,17.496649451137664
18.5,-0.13367199099172922,0.028108200070150247,18.434238842946783
18.75,-0.11369144242826934,0.02805730209468038,18.72368824498506
19.0,-0.07992780466076965,0.028006404119210515,18.240286392349013
19.25,-0.055424957058882285,0.02795550614374065,17.89497700048254
19.5,-0.059686454434398684,0.027904608168270784,18.35519061346661
19.75,-0.06901821532233754,0.027853710192800918,19.750377031793956
20.0,-0.08961061576437146,0.027802812217331052,21.486997683016483
20.25,-0.12348061249647913,0.02775191424185408,21.05330970649005
20.5,-0.14229480495161084,0.027701016266384215,20.10500068771783
20.75,-0.14026500372428785,0.02765011829091435,17.85018905236825
21.0,-0.12148612053701413,0.027599220315444484,17.223856595327312
21.25,-0.11167953440068601,0.027548322339974618,17.62101200347353
21.5,-0.11703144714215341,0.027497424364504752,17.216566996647803
21.75,-0.11389499696688432,0.027446526389034887,17.91154482816201
22.0,-0.08693764570195839,0.02739562841356502,19.897697829227422
22.25,-0.0735403700915711,0.02734473043808805,20.02630923942241
22.5,-0.08573649540335282,0.027293832462618184,20.17822037832458
22.75,-0.11360637446809818,0.027242934487148318,21.341135077125777
23.0,-0.14225353494032333,0.027192036511678452,22.09555897783527
23.25,-0.15710282473085613,0.027141138536208587,22.058634683406826
23.5,-0.15139440597965148,0.02709024056073872,21.047931736805626
23.75,-0.1406708083959316,0.027039342585268855,20.39372972017089
24.0,-0.13520766453727617,0.026988444609791884,20.680608080029764
24.25,-0.131146968854722,0.026937546634322018,19.349884339657375
24.5,-0.12758555098820779,0.026886648658852152,21.570595308145254
24.75,-0.11157502693362176,0.026835750683382287,22.800100665795835
25.0,-0.09258547575382181,0.02678485270791242,24.819890540016388
25.25,-0.08025107730359338,0.026733954732442555,26.242830053637817
25.5,-0.05454335692731149,0.02668305675697269,26.10563437958982
25.75,-0.03935702210857528,0.02663215878149572,21.85389635695816
26.0,-0.042115090719683224,0.026581260806025853,19.5337974346913
26.25,-0.04550685350695716,0.026530362830555987,17.86376119419178
26.5,-0.02886518515524017,0.02647946485508612,17.27702965697482
26.75,-0.0012031916008936605,0.026428566879616255,18.911407731148714
27.0,0.013914690105842453,0.02637766890414639,18.416308628930956
27.25,0.019339837796643167,0.026326770928676524,17.671758361323988
27.5,0.020037245485447386,0.026275872953206658,18.880868751828046
27.75,-0.009413953579844758,0.026224974977729687,19.62488973439304
28.0,-0.06920437951333014,0.02617407700225982,19.74017257327344
28.25,-0.09970952877405637,0.026123179026789956,17.300600850248035
28.5,-0.0895696486046873,0.02607228105132009,15.26391873101006
28.75,-0.05868664412384561,0.026021383075850224,14.455820228152554
29.0,-0.03746824861117659,0.02597048510038036,15.952101581609515
29.25,-0.03478311550806268,0.025919587124910493,18.73522383236217
29.5,-0.03934818282807129,0.02586868914943352,21.492360436992854
29.75,-0.0369263209249695,0.025817791173963656,22.057678741115442
30.0,-0.04429215387371954,0.02576689319849379,24.78579813813529
30.25,-0.04110074732630409,0.025715995223023924,24.260418118958995
30.5,-0.02480328161653489,0.02566509724755406,22.431435157869753
30.75,-0.007057549042471578,0.025614199272084193,21.589853889834632
31.0,0.0009532266757474872,0.025563301296614327,21.237606925452425
31.25,-0.002310914113301976,0.025512403321137356,24.156151264791525
31.5,-0.00999897802402927,0.02546150534566749,24.981009200879008
31.75,-0.012476087691908333,0.025410607370197624,24.776855550626795
32.0,0.007458737137937987,0.02535970939472776,22.775598373159568
32.25,0.02394416502317398,0.025308811419257893,20.597770245498932
32.5,0.035223023489677985,0.025257913443788027,20.499723121359974
32.75,0.05340025882106403,0.02520701546831816,21.798584832289755
33.0,0.08091953051768996,0.025156117492848296,22.506897487147516
33.25,0.10620090766833101,0.025105219517371324,22.96132702019293
33.5,0.11288478946069347,0.02505432154190146,21.9722384471925
33.75,0.08255226505085034,0.025003423566431593,22.303813561537318
34.0,0.043040223332035055,0.024952525590961727,21.940100489251538
34.25,0.032269178882629035,0.02490162761549186,20.76069618482054
34.5,0.057674840477034195,0.024850729640021996,19.511858743871134
34.75,0.08887168093457376,0.02479983166455213,20.315040923794648
35.0,0.09216762389912247,0.02474893368907516,20.7632384484737
35.25,0.07733533270260295,0.024698035713605293,20.620088493333213
35.5,0.07098259269079676,0.024647137738135427,20.21875401301751
35.75,0.07693242379025378,0.02459623976266556,19.50935456323162
36.0,0.09463268100313371,0.024545341787195696,20.48614278396066
36.25,0.09640934078561969,0.02449444381172583,20.55593076904751
36.5,0.07517755822066619,0.024443545836255964,18.832031398985226
36.75,0.05590119513725256,0.024392647860778993,17.517206466210506
37.0,0.06950181008933498,0.024341749885309127,17.71912545792317
37.25,0.11851526143446023,0.02429085190983926,17.109606087438433
37.5,0.15685538380863306,0.024239953934369396,17.706184933522522
37.75,0.13266104413580848,0.02418905595889953,18.908460246710526
38.0,0.09522188021136202,0.024138157983429664,21.315795502048335
38.25,0.10528889144087827,0.0240872600079598,22.438474804096565
38.5,0.14105008542401976,0.024036362032489933,24.410563168605805
38.75,0.16197844835383535,0.023985464057012962,23.60442227444057
39.0,0.1538259452344164,0.023934566081543096,22.84097638674515
39.25,0.14620206810714365,0.02388366810607323,21.69507919254377
39.5,0.14625249171263732,0.023832770130603365,21.21615509040764
39.75,0.13239026849352342,0.0237818721551335,22.24829258599661
40.0,0.10131516266910268,0.023730974179663633,21.976897437504242
40.25,0.08218389461288211,0.023680076204193767,21.148632409497402
40.5,0.07939277377064968,0.023629178228716796,18.676353046909338
40.75,0.08830698789483904,0.02357828025324693,17.93024382332101
41.0,0.09063904193719452,0.023527382277777065,17.71251168023114
41.25,0.08101527786833174,0.0234764843023072,19.099687789849394
41.5,0.0577545259898784,0.023425586326837333,19.713150127633963
41.75,0.04236176777286005,0.023374688351367467,19.909921148712943
42.0,0.045561563334693744,0.0233237903758976,21.341439537880706
42.25,0.06518911055380983,0.02327289240042063,21.86048356055732
42.5,0.07933475772539111,0.023221994424950765,22.91558077704473
42.75,0.06689701820270244,0.0231710964494809,22.411495539013707
43.0,0.0270309955813417,0.023120198474011033,21.564645341961818
43.25,-0.0025285102530716586,0.023069300498541168,21.447659495787814
43.5,-0.003402733461733476,0.023018402523071302,22.693681854923362
43.75,0.012828539745328271,0.022967504547601436,22.008746808353354
44.0,0.02855319152388347,0.02291660657213157,19.32471483829415
44.25,0.019906825640269687,0.0228657085966546,19.911507125122338
44.5,-0.014209282004138402,0.022814810621184733,19.29833153272155
44.75,-0.04417768001303557,0.022763912645714868,18.35389325758317
45.0,-0.039727738558944736,0.022713014670245002,17.192938002471877
45.25,-0.01031601804390192,0.022662116694775136,17.833289637091656
45.5,0.012216790198294802,0.02261121871930527,18.109131134387944
45.75,0.00870592630961653,0.022560320743835405,16.935884387080517
46.0,-0.035233975546930196,0.022509422768358434,16.182443487576666
46.25,-0.06917952104895164,0.022458524792888568,15.909762080940196
46.5,-0.051272720553178885,0.022407626817418702,16.46333140281129
46.75,0.00031322191871652194,0.022356728841948836,17.58014121131845
47.0,0.03465647295305985,0.02230583086647897,18.092899292157085
47.25,0.02144374532034732,0.022254932891009105,17.974013979658903
47.5,-0.0241303325641411,0.02220403491553924,19.21906600401971
47.75,-0.049271037621828384,0.022153136940062268,18.645427642255715
48.0,-0.020088808497156663,0.022102238964592402,16.97359845486536
48.25,0.020732824895802082,0.022051340989122536,15.85697831909143
48.5,0.038558611787493646,0.02200044301365267,16.740978046606536
48.75,0.025806094745206565,0.021949545038182805,18.78553076632167
49.0,0.0005778716374749138,0.02189864706271294,21.231802384408937
49.25,-0.028762100655654876,0.021847749087243074,21.017319188526503
49.5,-0.05376130378083133,0.021796851111773208,20.809262349427634
49.75,-0.08412251793391334,0.021745953136296237,20.803294496185046
50.0,-0.09945639131539252,0.02169505516082637,21.06292689467211
50.25,-0.09743514563979261,0.021644157185356505,19.796602808984655
50.5,-0.09551494078051093,0.02159325920988664,20.01665692291558
50.75,-0.10347430046040529,0.021542361234416774,18.08938321707465
51.0,-0.10987431212195276,0.021491463258946908,19.657173876290933
51.25,-0.09238231653846896,0.021440565283477042,21.046448510798285
51.5,-0.04158872748411824,0.02138966730800007,20.20398661784929
51.75,0.00878124830794036,0.021338769332530205,19.682964861419382
52.0,0.03722637151876995,0.02128787135706034,21.833943411267427
52.25,0.04348024520198379,0.021236973381590474,21.88346463371272
52.5,0.048829691267272324,0.021186075406120608,19.271824842164275
52.75,0.05470600630270184,0.021135177430650742,19.807238313688533
53.0,0.04003276903150521,0.021084279455180877,19.645061906449982
53.25,0.022013176268536938,0.021033381479703905,19.28476134716911
53.5,0.023549256851843836,0.02098248350423404,19.646269526065147
53.75,0.0268573455106349,0.020931585528764174,20.649236300832396
54.0,0.013425954118957861,0.020880687553294308,22.09055204729593
54.25,-0.007352129403805918,0.020829789577824442,21.33223249009808
54.5,0.000819747007348326,0.020778891602354577,20.641909724416895
54.75,0.01287530302966644,0.02072799362688471,20.388898615581233
55.0,-0.011172386174116866,0.020677095651414845,19.898478362400837
55.25,-0.06826228305573068,0.020626197675937874,20.269693815028994
55.5,-0.10003271150333148,0.02057529970046801,21.911596943143667
55.75,-0.07447568189908793,0.020524401724998143,22.755470190521855
56.0,-0.027212081703481772,0.020473503749528277,23.140166690943026
56.25,-0.002896090346482083,0.02042260577405841,22.287110047187618
56.5,-0.012951373590198045,0.020371707798588545,20.065882258309905
56.75,-0.033512985228369985,0.02032080982311868,19.933745076842484
57.0,-0.04750683376327203,0.02026991184764171,19.55136333359907
57.25,-0.04975990944110009,0.020219013872171843,19.46122141974277
57.5,-0.05052178496948301,0.020168115896701977,19.23821212117163
57.75,-0.05420548006760839,0.02011721792123211,18.206787972610016
58.0,-0.06632120048664092,0.020066319945762245,18.317986825812632
58.25,-0.05468882493403271,0.02001542197029238,13.062475553922175
58.5,0.29033067639070254,0.019964523994822514,6.468840431433559
58.75,0.5351522594860185,0.019913626019345543,5.992146629297008
59.0,0.6246078892828137,0.019862728043875677,6.782835106916069
59.25,0.533578395926412,0.01981183006840581,10.618666848078288
59.5,0.3260126705282289,0.019760932092935946,14.23625210924978
59.75,0.211986140405223,0.01971003411746608,15.121507026415683
60.0,0.11987687096021205,0.019659136141996214,16.52303848011439
60.25,0.0858063707528629,0.01960823816652635,18.7268113826878
60.5,0.1253469463114456,0.019557340191056483,19.78603064448894
60.75,0.22484799916302478,0.01950644221557951,17.98105045237619
61.0,0.28765122229208373,0.019455544240109646,15.743559910071411
61.25,0.3034794117105477,0.01940464626463978,17.01413290441161
61.5,0.3284311894091516,0.019353748289169914,16.93392285546665
61.75,0.41543608024880285,0.01930285031370005,14.524796564993846
62.0,0.4985405490680108,0.019251952338230183,16.731838780099423
62.25,0.4943555225150149,0.019201054362760317,17.850748619596736
62.5,0.4126014773640989,0.019150156387283346,19.417603413884667
62.75,0.35251741064200104,0.01909925841181348,21.61222138267344
63.0,0.3389824909310164,0.019048360436343614,25.001237032961217
63.25,0.3183356386845304,0.01899746246087375,25.47140630725486
63.5,0.25107643181451067,0.018946564485403883,20.476107929178262
63.75,0.15909668148790246,0.018895666509934017,20.32506157093268
64.0,0.0829350295855491,0.01884476853446415,20.7887449728406
64.25,0.05097432865429141,0.01879387055898718,20.64262738364385
64.5,0.06857683235544698,0.018742972583517314,18.50978194538277
64.75,0.09681312860816149,0.01869207460804745,17.688423213919528
65.0,0.10278965533445472,0.018641176632577583,16.785544164131558
65.25,0.07372534800438757,0.018590278657107717,19.19512496540547
65.5,0.05529364563792427,0.01853938068163785,20.689905131236607
65.75,0.0729967056937042,0.018488482706167986,19.170840356100214
66.0,0.09336920441763397,0.01843758473069812,18.512923167796927
66.25,0.08329224526659118,0.01838668675522115,16.879500147059083
66.5,0.06457737036060962,0.018335788779751283,17.508584290237113
66.75,0.06128591309794018,0.018284890804281417,19.760223421401935
67.0,0.07546792465056029,0.01823399282881155,20.206382764986223
67.25,0.07947431614559264,0.018183094853341686,20.0985067591499
67.5,0.06654703769478232,0.01813219687787182,20.61071041932445
67.75,0.0527909006317131,0.018081298902401954,20.781837069458547
68.0,0.0563958421023969,0.018030400926924983,21.604893725769145
68.25,0.06226284753058309,0.017979502951455117,21.26726940625084
68.5,0.06124538212497299,0.01792860497598525,19.84911667764686
68.75,0.04614732513784503,0.017877707000515386,19.562538839579837
69.0,0.010636587074799309,0.01782680902504552,19.53525746781175
69.25,-0.029287193884293572,0.017775911049575654,20.426401027774386
69.5,-0.017040171058468445,0.01772501307410579,19.02575289972753
69.75,0.026594218130775005,0.017674115098628818,18.56958639218533
70.0,0.054716272545221045,0.017623217123158952,17.707366752750442
70.25,0.061841709871792716,0.017572319147689086,18.051166652959417
70.5,0.0711152473076595,0.01752142117221922,18.96692011997588
70.75,0.08367868467378514,0.017470523196749355,20.323671263913678
71.0,0.0813557315882889,0.01741962522127949,19.552124169499198
71.25,0.05914466363390858,0.017368727245809623,21.30849592133454
71.5,0.056785129327877826,0.017317829270339757,23.134587314604328
71.75,0.0906222638907721,0.017266931294862786,22.48945166522294
72.0,0.11941600772596672,0.01721603331939292,22.11247832168982
72.25,0.10025645614747702,0.017165135343923055,23.509561542132683
72.5,0.05169564251266223,0.01711423736845319,23.113686118067548
72.75,0.023729783527421944,0.017063339392983323,21.255484031383443
73.0,0.02886932120340191,0.017012441417513458,20.362731039573333
73.25,0.042480349335150436,0.016961543442043592,20.896800748893614
73.5,0.05289059413627939,0.01691064546656662,21.833682313428255
73.75,0.04473976916579403,0.016859747491096755,23.25473222087714
74.0,0.023970950164532212,0.01680884951562689,23.144473926967972
74.25,0.015588873155749638,0.016757951540157023,22.831271466240125
74.5,0.022034235911945643,0.016707053564687158,24.13379438495811
74.75,0.024128213773387586,0.016656155589217292,23.992916563685615
75.0,0.018857009028138805,0.016605257613747426,26.088732020841054
75.25,0.020882413973836833,0.016554359638270455,25.7628330330268
75.5,0.025824752864366474,0.01650346166280059,23.18349948535483
75.75,0.011778453102245123,0.016452563687330723,22.422881149789973
76.0,-0.01261095406858459,0.016401665711860858,20.95383111829774
76.25,-0.032465117778009756,0.016350767736390992,21.524153944493797
76.5,-0.02265364883846388,0.016299869760921126,23.857231659944574
76.75,0.005804195654768307,0.01624897178545126,24.253573424852558
77.0,0.02235047725205419,0.016198073809981395,22.656167493036428
77.25,0.021853149313571407,0.016147175834504424,23.52856772083241
77.5,0.018198578718852332,0.016096277859034558,23.567797910530054
77.75,-0.006127966473748359,0.016045379883564692,24.46449858942954
78.0,-0.051345110993040066,0.015994481908094826,22.17679838882067
78.25,-0.07746647258243655,0.01594358393262496,20.362381369006343
78.5,-0.06799909144606886,0.015892685957155095,20.042209805145774
78.75,-0.04452442105188226,0.01584178798168523,22.083776105854135
79.0,-0.04391701390822789,0.015790890006208258,22.40827436661816
79.25,-0.06189025579569574,0.015739992030738392,21.44557783249089
79.5,-0.06189936499617943,0.015689094055268527,19.14440793345628
79.75,-0.02452953933973845,0.01563819607979866,18.42957878686988
80.0,0.008445753010718704,0.015587298104328795,18.630195504438937
80.25,0.029014015639226898,0.01553640012885893,17.867074767035405
80.5,0.028935935912976163,0.015485502153389064,18.857521270901827
80.75,0.015052602283795125,0.015434604177919198,20.416782804268223
81.0,-0.01596510732321832,0.015383706202442227,21.829337198135658
81.25,-0.04629404257684655,0.015332808226972361,20.87468616352527
81.5,-0.05874585592928128,0.015281910251502495,20.081987465909847
81.75,-0.05534330447262903,0.01523101227603263,20.22916996395945
82.0,-0.06974659631964641,0.015180114300562764,20.89745454742402
82.25,-0.10615056600478567,0.015129216325092898,20.741979519257008
82.5,-0.1344138941506685,0.015078318349623032,20.876583798421432
82.75,-0.12426679667672147,0.015027420374146061,20.840348827964625
83.0,-0.07416949238868398,0.014976522398676195,18.960319380613885
83.25,-0.022517623282666932,0.01492562442320633,18.614481794813532
83.5,-0.007582541943129684,0.014874726447736464,19.237793056450677
83.75,-0.03740154305385346,0.014823828472266598,18.982890439575616
84.0,-0.07589740539255274,0.014772930496796732,20.75545498066587
84.25,-0.08360393383905773,0.014722032521326867,19.751105467304257
84.5,-0.06331709012276576,0.014671134545849895,19.213111217204148
84.75,-0.06024032145613489,0.01462023657038003,20.047350613494427
85.0,-0.06721718807422405,0.014569338594910164,19.006919915058653
85.25,-0.07314775593965095,0.014518440619440298,17.72585753021535
85.5,-0.07654995281186672,0.014467542643970432,19.001573983064993
85.75,-0.08808143383964762,0.014416644668500567,18.544701716849943
86.0,-0.11155703038646436,0.014365746693030701,20.590173722337
86.25,-0.12712643642066723,0.014314848717560835,20.39034504343023
86.5,-0.12152285874058322,0.014263950742083864,20.370455804818675
86.75,-0.09797533485391341,0.014213052766613998,19.430046583566426
87.0,-0.08615504313554823,0.014162154791144133,18.390820929729145
87.25,-0.07860995213761157,0.014111256815674267,17.687753024844316
87.5,-0.05943384293158971,0.014060358840204401,17.303818358433606
87.75,-0.03109149778861564,0.014009460864734535,17.07036929958755
88.0,-0.010314687424980207,0.01395856288926467,19.286794665540622
88.25,-0.0027145983279694974,0.013907664913787698,21.540631777788406
88.5,-0.026300041279988307,0.013856766938317833,22.05581737248252
88.75,-0.04241624616960138,0.013805868962847967,22.894082074241716
89.0,-0.023335138379700027,0.013754970987378101,22.30481209023567
89.25,-0.0028590625641697898,0.013704073011908235,21.220205995388724
89.5,-0.0010164230811398056,0.01365317503643837,20.733691258571945
89.75,-0.007700069704704049,0.013602277060968504,20.719379020840456
90.0,0.002733504089817984,0.013551379085491533,20.05546387190649
90.25,0.04751674314174181,0.013500481110021667,20.984881696008138
90.5,0.10504697827706622,0.013449583134551801,21.549163809891972
90.75,0.11873861361294047,0.013398685159081936,18.560299722487756
91.0,0.10416490035096615,0.01334778718361207,17.673672865169436
91.25,0.09084052991219949,0.013296889208142204,18.199977490979915
91.5,0.08498954394348601,0.013245991232672338,19.76660724415608
91.75,0.07731659450067241,0.013195093257202473,21.741826075980747
92.0,0.06048049307049297,0.013144195281725501,22.643131705084937
92.25,0.05281915164409412,0.013093297306255636,22.188171830285782
92.5,0.049096170624316926,0.01304239933078577,22.69196563270116
92.75,0.025486329956002862,0.012991501355315904,22.641374352585338
93.0,-0.004667497402820686,0.012940603379846038,19.430576557708868
93.25,-0.008513540412174336,0.012889705404376173,17.7364926371119
93.5,0.02690171479918746,0.012838807428906307,16.752931320703226
93.75,0.05349176523174748,0.012787909453429336,18.758537091644623
94.0,0.037283585294467514,0.01273701147795947,19.968622527208066
94.25,0.009241141213500725,0.012686113502489604,20.487785421570063
94.5,-0.007795582123492295,0.012635215527019739,20.549275107918128
94.75,0.004216869069288975,0.012584317551549873,21.979861722784968
95.0,0.025131905200836968,0.012533419576080007,21.294782698534434
95.25,0.037890614690482494,0.012482521600610141,21.295127723700613
95.5,0.036389552027081606,0.01243162362513317,21.179162493745224
95.75,0.021650757220101013,0.012380725649663304,20.758750510253062
96.0,0.010715179496692429,0.012329827674193439,20.036440268887958
96.25,0.005808672380119617,0.012278929698723573,21.73678952463601
96.5,-0.0035987103803094556,0.012228031723253707,22.181647689496053
96.75,-0.026623573329317196,0.012177133747783841,18.729650276374276
97.0,-0.030609288537462476,0.012126235772313976,19.21118948921919
97.25,-0.027002979272765515,0.01207533779684411,15.736376522525479
97.5,-0.01650123203264542,0.012024439821367139,16.61704739020776
97.75,0.001105903075242054,0.011973541845897273,16.958494734567267
98.0,0.016672728512070023,0.011922643870427407,18.2561848730171
98.25,0.0187855150036782,0.011871745894957542,19.94703278435636
98.5,0.020331045268029868,0.011820847919487676,20.47501630348487
98.75,0.016796378130727874,0.01176994994401781,20.016576952102902
99.0,0.035874467932409004,0.011719051968547944,18.302028715049964
99.25,0.06527200543752087,0.011668153993070973,18.171220256830793
99.5,0.07613584808775897,0.011617256017601107,19.489770917330556
99.75,0.07175455751418269,0.011566358042131242,21.904439274746338
100.0,0.05005793392614066,0.011515460066661376,23.996611884804704
100.25,0.01980228595535749,0.01146456209119151,24.814715252258445
100.5,-0.0033331096897057932,0.011413664115721645,21.811393682732287
100.75,-0.00033244215639172126,0.011362766140251779,20.179801514604407
101.0,0.019803793831194128,0.011311868164774808,19.15529821657715
101.25,0.03362474234361912,0.011260970189304942,17.864557663141017
101.5,0.01622437472851601,0.011210072213835076,18.13259951003779
101.75,-0.0036874688954569024,0.01115917423836521,19.44057443655643
102.0,-0.010365632652181489,0.011108276262895345,19.093256285677707
102.25,-0.008057287374917621,0.011057378287425479,19.091346750209134
102.5,-0.01088763878709642,0.011006480311955613,18.283292986805314
102.75,-0.009806498426129906,0.010955582336485747,17.776320872492217
103.0,-0.0005204318655529505,0.010904684361008776,19.228421542857113
103.25,0.020812751187186507,0.01085378638553891,20.054174663775758
103.5,0.051489542284087975,0.010802888410069045,22.097846285621717
103.75,0.0807458301755517,0.010751990434599179,22.315323969407114
104.0,0.09155770792928308,0.010701092459129313,22.28626028168592
104.25,0.088770216492847,0.010650194483659448,20.633437363071792
104.5,0.07376696580560349,0.010599296508189582,18.906005910889636
104.75,0.06720162613775926,0.01054839853271261,20.047511843689097
105.0,0.0738223525273014,0.010497500557242745,20.776036944154047
105.25,0.08410936796605029,0.01044660258177288,21.53740377978807
105.5,0.08816815561188918,0.010395704606303013,21.659705434270396
105.75,0.07999360172873793,0.010344806630833148,19.8639547615964
106.0,0.0436334428761711,0.010293908655363282,18.472636645333417
106.25,0.0038729625673639134,0.010243010679893416,17.851211461188008
106.5,-0.008318867113970896,0.010192112704416445,17.968836302624908
106.75,0.01740797558512952,0.01014121472894658,18.044900813355596
107.0,0.04490329849648589,0.010090316753476714,20.682222560532676
107.25,0.0475418234603282,0.010039418778006848,22.115712884386944
107.5,0.018561293099992326,0.009988520802536982,21.75315900414091
107.75,-0.01621701699856004,0.009937622827067116,21.70060364351069
108.0,-0.024953909570079702,0.00988672485159725,21.49129984458577
108.25,-0.023907414871992216,0.009835826876127385,21.28712629854457
108.5,-0.029784152165170497,0.009784928900650414,20.617520962137355
108.75,-0.0298519597525555,0.009734030925180548,20.79429029147399
109.0,-0.009251268243090749,0.009683132949710682,20.77555121005695
109.25,0.014558305131060933,0.009632234974240816,21.184839287628602
109.5,0.02337584647008839,0.00958133699877095,20.57821718133589
109.75,0.012559982822210713,0.009530439023301085,19.621981969582155
110.0,0.0036047825487912633,0.00947954104783122,19.71206486902567
110.25,0.0099319208842914,0.009428643072354248,20.434374070698887
110.5,0.028185716903152525,0.009377745096884382,20.527482474512283
110.75,0.039175721351625725,0.009326847121414517,20.057929859218984
111.0,0.055503149000450946,0.00927594914594465,19.64204517518121
111.25,0.08366067195082394,0.009225051170474785,19.44782706893956
111.5,0.0935671334521544,0.00917415319500492,20.27857138722155
111.75,0.07852340713651529,0.009123255219535054,21.30842883374305
112.0,0.052874096754926825,0.009072357244058082,19.57080348465831
112.25,0.025660455143935224,0.009021459268588217,18.618065054017393
112.5,0.016389647962228082,0.008970561293118351,18.16272193212267
112.75,0.011749283324135718,0.008919663317648485,20.447706737406428
113.0,-0.004192230741203673,0.00886876534217862,20.990745220779637
113.25,0.00031876734134783646,0.008817867366708754,22.55087188461988
113.5,0.03895060838326714,0.008766969391238888,22.473544109342832
113.75,0.08595128471153402,0.008716071415769022,22.74521479936532
114.0,0.1329752073605377,0.008665173440292051,22.871179879661607
114.25,0.15480528857389686,0.008614275464822185,21.956934786032207
114.5,0.13459989167402853,0.00856337748935232,20.101538476238694
114.75,0.09106722878672002,0.008512479513882454,19.187506971539825
115.0,0.059778875627472416,0.008461581538412588,19.184037905697604
115.25,0.08498976354616872,0.008410683562942722,18.422635181143182
115.5,0.1418783937070529,0.008359785587472857,19.555027067207366
115.75,0.1734121144538605,0.008308887611995885,22.45249235958052
116.0,0.16664317788429628,0.00825798963652602,21.13842290215763
116.25,0.1454622087778361,0.008207091661056154,19.83040585049111
116.5,0.11750568369487979,0.008156193685586288,19.661800530059242
116.75,0.07638682922321749,0.008105295710116422,21.012081366431484
117.0,0.028099981503928007,0.008054397734646557,21.04339518218481
117.25,-0.007510561658619963,0.008003499759176691,21.18562388803798
117.5,-0.008895120428491055,0.00795260178369972,21.11586439626805
117.75,0.019605441964309023,0.007901703808229854,19.433442925660017
118.0,0.050673389841868755,0.007850805832759988,20.211647889973435
118.25,0.05270844437838207,0.007799907857290123,23.04150850964096
118.5,0.03633417345483991,0.007749009881820257,24.137197956827666
118.75,0.015626868459200693,0.007698111906350391,24.506516144660463
119.0,0.0020365180858306076,0.007647213930880525,24.419796939637845
119.25,-0.008770129000758686,0.00759631595541066,23.956795067239554
119.5,-0.023694848487359366,0.0075454179799336885,22.28904930339679
119.75,-0.03341296206534139,0.007494520004463823,19.976479147330714
120.0,-0.02885578651838472,0.007443622028993957,20.340339711590406
120.25,-0.019398072805721256,0.007392724053524091,20.600104868875945
120.5,-0.010936915616390763,0.0073418260780542255,21.680680687117892
120.75,-0.008929927365223023,0.00729092810258436,21.71662802299865
121.0,-0.013981997462181539,0.007240030127114494,23.88096793017992
121.25,-0.02305133781230495,0.007189132151637523,25.37177164128608
121.5,-0.026521556000552948,0.007138234176167657,24.609693157876393
121.75,0.0,0.007087336200697791,21.416744303949397
122.0,0.048164433765563786,0.007036438225227926,19.937155748397966
122.25,0.08552614371966172,0.00698554024975806,19.53313873039515
122.5,0.09268881305018795,0.006934642274288194,18.15460828019761
122.75,0.07432767830112397,0.006883744298818328,19.885779104601486
123.0,0.06552649651560216,0.006832846323341357,22.399668931357247
123.25,0.06578055348224154,0.0067819483478714915,21.664871377970787
123.5,0.0491707624003368,0.006731050372401626,19.490062603994474
123.75,0.03134846281577808,0.00668015239693176,18.876807491201227
124.0,0.03934038527185635,0.006629254421461894,19.220509690960952
124.25,0.05533651060154199,0.0065783564459920285,18.524836400952097
124.5,0.05828478901704415,0.006527458470522163,17.407354214780646
124.75,0.042614205922468784,0.006476560495052297,19.56246816518663
125.0,0.023228127256849973,0.006425662519575326,21.37671860252555
125.25,0.019228536587881706,0.00637476454410546,21.725514815565525
125.5,0.021498637762341843,0.006323866568635594,20.555131948636912
125.75,0.015352717414124584,0.006272968593165729,19.888693916170443
126.0,0.011995106931848909,0.006222070617695863,20.411022337176842
126.25,-0.004504263003170195,0.006171172642225997,19.331983437659222
126.5,-0.024722915219612673,0.006120274666756131,19.828349300324383
126.75,-0.021695166674589927,0.00606937669127916,22.42015247202194
127.0,-0.008677097746392803,0.0060184787158092945,25.005784729840737
127.25,-0.0016632876357789428,0.005967580740339429,23.434157419698614
127.5,-0.006481734586415655,0.005916682764869563,22.53348056556684
127.75,-0.008814834312957487,0.005865784789399697,22.78137927543781
128.0,0.004244065322026813,0.0058148868139298315,21.722364950968736
128.25,0.026885421777812724,0.005763988838459966,21.841516352720912
128.5,0.04874301478115939,0.005713090862982995,20.73169041244431
128.75,0.04744431134938054,0.005662192887513129,20.953917727546305
129.0,0.018064113149499406,0.005611294912043263,21.351683953938622
129.25,-0.02033211858697115,0.005560396936573397,21.78388999222916
129.5,-0.049144049985741844,0.005509498961103532,20.765563166202917
129.75,-0.0596151117520094,0.005458600985633666,22.39848408187754
130.0,-0.06381959208517429,0.0054077030101638,24.517783635748522
130.25,-0.07370680969194154,0.005356805034693934,24.66359602494483
130.5,-0.07249340524318626,0.005305907059216963,23.305746121833334
130.75,-0.06335440866529751,0.0052550090837470975,21.26454720524686
131.0,-0.05945068713334223,0.005204111108277232,19.232747975190673
131.25,-0.06412432884904717,0.005153213132807366,19.232348437976892
131.5,-0.0553237875111634,0.0051023151573375,18.0617680134366
131.75,-0.03706083049070941,0.0050514171818676346,18.610655170433123
132.0,-0.024713993487324615,0.005000519206397769,19.176868018819622
132.25,-0.038630182529203694,0.004949621230920798,19.353056428325385
132.5,-0.056509110640142524,0.004898723255450932,21.36386909502739
132.75,-0.05107727975956777,0.004847825279981066,22.880180418178607
133.0,-0.024687881537907685,0.0047969273045112,22.45545856971459
133.25,-0.002402392232838224,0.004746029329041335,23.12790568853961
133.5,0.02409936301171456,0.004695131353571469,22.389318183550323
133.75,0.05428371365326967,0.004644233378101603,21.356642614493396
134.0,0.062137035476325764,0.004593335402624632,19.94567693063402
134.25,0.038209805376162365,0.004542437427154766,19.71702131128527
134.5,0.011722506445217107,0.0044915394516849005,19.34781403445931
134.75,0.017016855834242506,0.004440641476215035,19.528110246015736
135.0,0.03568389371672254,0.004389743500745169,19.71244299213206
135.25,0.04175704088723364,0.004338845525275303,18.883523574148825
135.5,0.025253178866464054,0.004287947549805438,19.629141116359882
135.75,0.005907490169228424,0.004237049574335572,19.047024145116072
136.0,0.0026432960879247958,0.004186151598858601,19.421557939831754
136.25,0.01739945319897629,0.004135253623388735,20.666493768865735
136.5,0.04406157610719674,0.004084355647918869,20.300632202819195
136.75,0.06396350309401555,0.0040334576724490034,20.027725421428038
137.0,0.05441488987492704,0.003982559696979138,20.316143663623862
137.25,0.013909949365697116,0.003931661721509272,19.34566695225239
137.5,-0.009630241072486001,0.003880763746039406,18.74495028900528
137.75,-0.01529579683626281,0.003829865770562435,18.682868612699963
138.0,-0.002242181141767219,0.0037789677950925693,19.862956670935354
138.25,0.016445733321290845,0.0037280698196227036,22.337234711519365
138.5,0.032707936495121714,0.003677171844152838,21.857680231611205
138.75,0.031199290642959454,0.003626273868682972,23.22840426460262
139.0,0.021547893708451227,0.0035753758932131063,22.084674826090577
139.25,-0.003360105415801229,0.0035244779177432406,20.46340307885876
139.5,-0.029444296406914816,0.0034735799422662694,20.333870072278913
139.75,-0.05456811921164473,0.0034226819667964037,21.14055281260244
140.0,-0.07620114952273127,0.003371783991326538,23.92189087006775
140.25,-0.09628000542938508,0.003320886015856672,23.288685686272057
140.5,-0.091047333184342,0.0032699880403868065,21.245422717685667
140.75,-0.06436634510409078,0.0032190900649169407,20.29954112121468
141.0,-0.04988972055172525,0.003168192089447075,19.85189712745346
141.25,-0.07289727604668172,0.0031172941139772092,18.653081390651497
141.5,-0.10903261390017605,0.003066396138500238,19.209378752692096
141.75,-0.12221778840535791,0.0030154981630303723,19.671541143863838
142.0,-0.08885620708203845,0.0029646001875605066,18.978679449839248
142.25,-0.05309873182515901,0.002913702212090641,18.66174770132646
142.5,-0.04669742838500213,0.002862804236620775,19.99215309982609
142.75,-0.04902495639269233,0.0028119062611509094,17.907130589009252
143.0,-0.04341896966045056,0.0027610082856810436,17.272156423046866
143.25,-0.05283073392914872,0.0027101103102040724,19.36787259148877
143.5,-0.07712737979227313,0.0026592123347342067,21.50338167028245
143.75,-0.1049437045674324,0.002608314359264341,22.921780271950382
144.0,-0.10518240299642656,0.0025574163837944752,21.833760303529463
144.25,-0.09010253165431692,0.0025065184083246095,19.597218779820473
144.5,-0.08150695247628192,0.0024556204328547437,19.913144710725113
144.75,-0.08196797598572658,0.002404722457384878,18.315799102394646
145.0,-0.08299125227554072,0.002353824481907907,18.07396366216685
145.25,-0.07433638141707632,0.002302926506438041,17.13029101111265
145.5,-0.058254060752538805,0.0022520285309681753,18.42006605578854
145.75,-0.06992202104662937,0.0022011305554983096,19.624050467907292
146.0,-0.11423047557978094,0.002150232580028444,19.161884983966093
146.25,-0.14525659313930106,0.002099334604558578,20.61407554574079
146.5,-0.1405762851346637,0.0020484366290887124,19.79575702148107
146.75,-0.09282965909189045,0.0019975386536188466,18.45261494658552
147.0,-0.06288772672466081,0.0019466406781418755,17.25234519399129
147.25,-0.06651507062648676,0.0018957427026720097,19.107810289335077
147.5,-0.07812938194548735,0.001844844727202144,20.13965144249584
147.75,-0.0890188149116895,0.0017939467517322782,19.209613410235022
148.0,-0.10351580026309648,0.0017430487762624125,19.977142298790938
148.25,-0.12174489021293766,0.0016921508007925468,22.401967422669678
148.5,-0.12574621295435406,0.001641252825322681,22.126303783409057
148.75,-0.11778702479126224,0.0015903548498457099,21.345262649761523
149.0,-0.10907177819994729,0.0015394568743758441,20.237050801980054
149.25,-0.09419631575170229,0.0014885588989059784,21.180400292039177
149.5,-0.07317045880080997,0.0014376609234361126,21.97338603821993
149.75,-0.060978565797014994,0.0013867629479662469,21.56174480571412
150.0,-0.05703609800586662,0.0013358649724963811,21.570139338404037
150.25,-0.04067391663484443,0.0012849669970265154,21.39143155219263
150.5,0.0009077643544870284,0.0012340690215566497,20.21622968284902
150.75,0.05123847515238822,0.0011831710460796785,20.55172909896512
151.0,0.0688783083933373,0.0011322730706098127,20.793043592484324
151.25,0.07063682698075269,0.001081375095139947,19.470377955361585
151.5,0.08952655361161987,0.0010304771196700813,18.134666768766103
151.75,0.10098569929829182,0.0009795791442002155,18.09898067325185
152.0,0.09719678671115162,0.0009286811687303498,18.935253772440042
152.25,0.088741760355731,0.000877783193260484,20.53820943107937
152.5,0.06557537528841806,0.0008268852177835129,21.363126116918913
152.75,0.04410141648339305,0.0007759872423136471,19.535725215234777
153.0,0.036086485648553435,0.0007250892668437814,19.047044601096207
153.25,0.030954416103469384,0.0006741912913739156,18.544144680186246
153.5,0.038347231473011334,0.0006232933159040499,18.36742043034155
153.75,0.04089355747574075,0.0005723953404341842,20.126850269970205
154.0,0.02046865748200588,0.0005214973649643184,22.706662876152567
154.25,-0.01716856669658995,0.00047059938948734725,22.47240080772584
154.5,-0.04628956301649367,0.0004197014140174815,21.39146023840094
154.75,-0.055914772086929077,0.00036880343854761577,20.604106363620676
155.0,-0.04645267036066514,0.00031790546307775003,20.883312515131543
155.25,-0.0453115472033403,0.0002670074876078843,22.191902715241373
155.5,-0.043220609006134225,0.00021610951213801854,22.75230630117359
155.75,-0.013694222998616112,0.0001652115366681528,22.23760898695657
156.0,0.026014841117714127,0.00011431356119828706,19.89535008213373
156.25,0.037694729152498496,6.341558572131589e-05,19.50099573063121
156.5,0.009666273164981476,1.251761025145015e-05,19.53617072076229
156.75,-0.038170687139455595,-3.838036521841559e-05,21.68539069792278
157.0,-0.05960363734510565,-8.927834068828133e-05,22.999394000122034
157.25,-0.06145169411018969,-0.00014017631615814707,21.761498230297395
157.5,-0.0650306364478368,-0.00019107429162801282,22.70730992456079
157.75,-0.05943425876847641,-0.00024197226709787856,22.743561150114218
158.0,-0.04105645448657924,-0.0002928702425748497,23.45134150610994
158.25,-0.02709723697695665,-0.00034376821804471547,25.137771034174683
158.5,-0.02320581929511434,-0.0003946661935145812,26.60930310746653
158.75,-0.0346148521196028,-0.00044556416898444695,28.348059896050557
159.0,-0.04360587214883793,-0.0004964621444543127,26.20322498371106
159.25,-0.02752856958609584,-0.0005473601199241784,25.181226673999127
159.5,0.004797578595308494,-0.0005982580953940442,23.685164733290417
159.75,0.019418438324422027,-0.0006491560708710153,22.07539783263271
160.0,-0.0008994218296862755,-0.0007000540463408811,19.77223058971324
160.25,-0.04332557408744009,-0.0007509520218107468,19.11154490263971
160.5,-0.07658413817116383,-0.0008018499972806126,19.524808327023614
160.75,-0.0878960287660675,-0.0008527479727504783,20.548639701133986
161.0,-0.0772004976477021,-0.000903645948220344,19.738667845978874
161.25,-0.0589873409382875,-0.0009545439236902098,20.09869706078399
161.5,-0.031208276068348084,-0.0010054418991600755,20.518621982126348
161.75,-0.013768915002160043,-0.0010563398746370467,21.154215030180083
162.0,-0.022500594787835837,-0.0011072378501069124,22.76395303311917
162.25,-0.037993709433422396,-0.0011581358255767782,23.176585051797943
162.5,-0.047969551862237836,-0.001209033801046644,25.934451535820955
162.75,-0.03297669376060952,-0.0012599317765165097,26.48414120429129
163.0,0.011376943087846314,-0.0013108297519863754,22.184615393136966
163.25,0.03555964828473179,-0.0013617277274562412,18.153247558859455
163.5,0.04237612932681856,-0.0014126257029332123,16.107701778051553
163.75,0.03299633897945853,-0.001463523678403078,16.448469106542912
164.0,0.02318261091702567,-0.0015144216538729438,18.430846002035924
164.25,0.018444644315373182,-0.0015653196293428095,22.89900165889022
164.5,0.016167361037652483,-0.0016162176048126753,23.69246815212938
164.75,0.023457502347064008,-0.001667115580282541,23.60541055104793
165.0,0.041003429914894696,-0.0017180135557524068,25.680723905025538
165.25,0.052835582717719376,-0.001768911531229378,25.819669742010532
165.5,0.058233374705736196,-0.0018198095066992437,22.21573683408305
165.75,0.05465146505611074,-0.0018707074821691094,20.832059421436995
166.0,0.04992465698992277,-0.0019216054576389752,21.24181374273316
166.25,0.050949483275253726,-0.001972503433108841,21.43669691334457
166.5,0.06203637586300914,-0.0020234014085787067,23.09107722052079
166.75,0.09026886300447501,-0.0020742993840485724,24.02133117254077
167.0,0.11044684334105881,-0.002125197359518438,23.23442222576816
167.25,0.10777407517250737,-0.0021760953349954093,21.48528146963833
167.5,0.09581995877145033,-0.002226993310465275,20.13813708790092
167.75,0.10807614570518354,-0.002277891285935141,20.68656271462883
168.0,0.13788396982554474,-0.0023287892614050065,19.870882902483295
168.25,0.14868110015483182,-0.0023796872368748723,20.859940330363283
168.5,0.1446851906736768,-0.002430585212344738,19.194479728629425
168.75,0.15594697761727616,-0.0024814831878146038,18.366550588663625
169.0,0.16585612090191404,-0.002532381163291575,17.724142436756367
169.25,0.17052371771126928,-0.0025832791387614407,16.822856181853748
169.5,0.1589585348829985,-0.0026341771142313064,16.29084084929031
169.75,0.1385353702999339,-0.002685075089701172,18.15454598324913
170.0,0.1181234781803937,-0.002735973065171038,19.521709379930932
170.25,0.09277796306380992,-0.0027868710406409036,20.850081453721224
170.5,0.0532036809705545,-0.0028377690161107694,20.750931045688482
170.75,0.04239572077855769,-0.0028886669915877405,20.709224398965578
171.0,0.05338745488985097,-0.0029395649670576063,21.13155825977949
171.25,0.06575430036731689,-0.002990462942527472,19.32351342901798
171.5,0.07169737652707653,-0.0030413609179973378,20.214860156437446
171.75,0.09361505268833525,-0.0030922588934672035,19.076792008922848
172.0,0.11268326200158896,-0.0031431568689370692,18.14919707388906
172.25,0.11667019066558737,-0.003194054844406935,17.802845388555358
172.5,0.06857910470707651,-0.0032449528198768007,17.85780450416413
172.75,0.02113131913656474,-0.003295850795353772,19.05547710200716
173.0,0.007872148422997327,-0.0033467487708236376,20.07217354647544
173.25,0.025489359376187792,-0.0033976467462935034,22.616527950394527
173.5,0.022308483268048462,-0.003448544721763369,21.477880485451557
173.75,-0.016427866046484496,-0.003499442697233235,19.98932659073544
174.0,-0.05100279166257593,-0.0035503406727031006,18.989839206258786
174.25,-0.03513821978444298,-0.0036012386481729664,18.11937751613132
174.5,0.00431270062546929,-0.0036521366236499375,18.813163227421455
174.75,0.02541271960484437,-0.0037030345991198033,20.31139463469674
175.0,0.01596447028234138,-0.003753932574589669,20.886381826413377
175.25,0.005772951878405763,-0.0038048305500595347,21.2692222842136
175.5,0.030733748330490585,-0.0038557285255294005,19.754466720456257
175.75,0.05218130557948086,-0.003906626500999266,19.05015378539645
176.0,0.05292430524274039,-0.003957524476469132,19.290198715431718
176.25,0.05195817417226323,-0.004008422451946103,20.705289187588008
176.5,0.06697651911427016,-0.004059320427415969,21.658963703148082
176.75,0.09064903324987483,-0.004110218402885835,21.19317702355564
177.0,0.10444749337753478,-0.0041611163783557,19.316079449558057
177.25,0.09958475193712246,-0.004212014353825566,22.269061847187444
177.5,0.09138324071607684,-0.004262912329295432,24.267762775285746
177.75,0.07934075125998419,-0.004313810304765298,24.057896699536435
178.0,0.05342324261876996,-0.004364708280235163,22.658920391165648
178.25,0.036841639567022355,-0.0044156062557121345,21.117101885483905
178.5,0.026100104826710435,-0.004466504231182,21.172558133169794
178.75,0.015363938685446499,-0.004517402206651866,20.849006501196683
179.0,0.007508879922689005,-0.004568300182121732,20.084379451852893
179.25,0.007878067574473846,-0.0046191981575915975,20.942829742587147
179.5,0.02207142778753024,-0.004670096133061463,22.159499728813916
179.75,0.036778579277722656,-0.004720994108531329,21.09576170932726
180.0,0.04041030458000705,-0.0047718920840083,22.481224677047813
180.25,0.06024306283862302,-0.004822790059478166,21.002234939072864
180.5,0.08082972800722388,-0.004873688034948032,20.283342504676835
180.75,0.08328679475800271,-0.004924586010417897,19.92599985537758
181.0,0.06657853327890706,-0.004975483985887763,20.204023843043032
181.25,0.019138612358162277,-0.005026381961357629,20.771422238437438
181.5,-0.025689821011816605,-0.005077279936827495,19.8890394125972
181.75,-0.03609719372332876,-0.005128177912304466,20.722954614407744
182.0,-0.01970084164514674,-0.0051790758877743315,22.73743089305676
182.25,-0.0006165619725848615,-0.005229973863244197,25.11140448558727
182.5,-0.016537903393945896,-0.005280871838714063,24.498158489906587
182.75,-0.05763075181923227,-0.005331769814183929,24.139811664384286
183.0,-0.074723915432088,-0.0053826677896537944,23.507514493241754
183.25,-0.06195402722440946,-0.00543356576512366,22.5056915996497
183.5,-0.03250146185613545,-0.005484463740593526,22.822741741076126
183.75,0.004890401271808287,-0.005535361716070497,21.764747116571904
184.0,0.03567374812853785,-0.005586259691540363,21.303357202581594
184.25,0.050365878085251836,-0.005637157667010229,20.336953116479087
184.5,0.04090613599526449,-0.005688055642480094,20.333686244588716
184.75,0.024637258518509952,-0.00573895361794996,21.58655788480553
185.0,0.03303589330248968,-0.005789851593419826,22.60870855149143
185.25,0.05216235138282599,-0.0058407495688896915,23.378890132678578
185.5,0.04166154236125408,-0.005891647544366663,22.42476655900921
185.75,0.023486659553611844,-0.0059425455198365285,21.868338557780383
186.0,0.03270645918145476,-0.005993443495306394,20.605935033136042
186.25,0.05928059317687229,-0.00604434147077626,19.54787306131477
186.5,0.07130780406016157,-0.006095239446246126,18.882559139835355
186.75,0.058461592240320215,-0.006146137421715991,20.72837160209832
187.0,0.0448797424470726,-0.006197035397185857,22.30687692788222
187.25,0.04467122786321198,-0.006247933372662828,21.273845007747255
187.5,0.034869219314686006,-0.006298831348132694,20.063403165112664
187.75,0.0176762277182263,-0.00634972932360256,20.396231100604986
188.0,0.010148151239043557,-0.0064006272990724256,21.079118100806266
188.25,0.013233709236921243,-0.006451525274542291,21.273881541292745
188.5,0.01625300054288914,-0.006502423250012157,22.448886931651234
188.75,0.013099207425021575,-0.006553321225482023,21.993271765227718
189.0,-0.012636747810496729,-0.0066042192009518885,22.22105472001911
189.25,-0.041471736695150696,-0.00665511717642886,20.076059851072905
189.5,-0.04453215515097497,-0.0067060151518987254,19.586269031054112
189.75,-0.009943711727679272,-0.006756913127368591,20.208654941403033
190.0,0.030967753388758013,-0.006807811102838457,21.28856372689237
190.25,0.0347207157648981,-0.006858709078308323,22.591187403241296
190.5,-0.007654653377244358,-0.006909607053778188,23.664697160002536
190.75,-0.04802895480670344,-0.006960505029248054,22.844820749181643
191.0,-0.06741818458975501,-0.007011403004725025,21.945852991588623
191.25,-0.0681883932469276,-0.007062300980194891,22.887768476355014
191.5,-0.06260271294191,-0.007113198955664757,22.66930819151834
191.75,-0.05565346060561893,-0.0071640969311346225,22.286607681157182
192.0,-0.038776876363193935,-0.007214994906604488,21.939116416817047
192.25,-0.02154409482688635,-0.007265892882074354,23.287695690165073
192.5,-0.028034992701897465,-0.00731679085754422,23.696356032046427
192.75,-0.05008547024300469,-0.007367688833021191,22.052801238547246
193.0,-0.06566798171260757,-0.007418586808491057,21.487444823321233
193.25,-0.07637735988111416,-0.007469484783960922,20.850145179392175
193.5,-0.07646707395313257,-0.007520382759430788,20.572387827422645
193.75,-0.0793848227705709,-0.007571280734900654,20.286197205810446
194.0,-0.06624107902489129,-0.00762217871037052,20.330900517907242
194.25,-0.049178722984244416,-0.007673076685840385,20.88092065343561
194.5,-0.03647815144280031,-0.007723974661310251,18.98495704903105
194.75,-0.023681391502236693,-0.007774872636787222,20.035317491374084
195.0,-3.6822175239592525e-05,-0.007825770612257088,21.74215550007215
195.25,0.011819865252803652,-0.007876668587726954,22.823098246146117
195.5,0.024678718627747287,-0.00792756656319682,22.924839012307405
195.75,0.02826282233770172,-0.007978464538666685,21.818613545985983
196.0,0.03876912325133475,-0.008029362514136551,20.78595144818206
196.25,0.04928885241290715,-0.008080260489606417,21.4362833439918
196.5,0.040120217652820145,-0.008131158465083388,20.639343441489224
196.75,0.020724949098500645,-0.008182056440553254,19.214601480363665
197.0,0.024975604038843358,-0.00823295441602312,18.417580982334343
197.25,0.03844960370022932,-0.008283852391492985,18.697848250879645
197.5,0.036703162155028224,-0.008334750366962851,18.815438181899186
197.75,0.013000652553728287,-0.008385648342432717,20.271046971359453
198.0,-0.019351579904586913,-0.008436546317902582,21.594292260485794
198.25,-0.02548546308524635,-0.008487444293379554,22.718839522684434
198.5,-0.01844025326712284,-0.00853834226884942,21.598648990548448
198.75,-0.015612562351215331,-0.008589240244319285,21.925148242567424
199.0,-0.022920796779793307,-0.00864013821978915,21.917769032596446
199.25,-0.03041435434329287,-0.008691036195259016,21.020040874946794
199.5,-0.04101001429606299,-0.008741934170728882,20.23145374854263
199.75,-0.044084409556894855,-0.008792832146198748,17.668149406582195
200.0,-0.041638276401883445,-0.008843730121668614,15.054440283838009
200.25,-0.050195331330755266,-0.008894628097145585,15.691942898980907
200.5,-0.060578078952339354,-0.00894552607261545,19.837044051368096
200.75,-0.05092564168946723,-0.008996424048085316,25.082036427475963
201.0,-0.019676117425525774,-0.009047322023555182,22.590391692215647
201.25,0.01840999720742076,-0.009098219999025048,21.141560708911072
201.5,0.04182724618558353,-0.009149117974494914,20.38605403318504
201.75,0.02837536329102619,-0.00920001594996478,20.429410950844392
202.0,-0.008293512440602058,-0.00925091392544175,19.741853167543546
202.25,-0.03568486443026586,-0.009301811900911616,21.33495786791859
202.5,-0.042232069990880916,-0.009352709876381482,22.5860343096312
202.75,-0.04294777200496469,-0.009403607851851348,21.621755263118175
203.0,-0.0619101221316285,-0.009454505827321213,20.914184738285535
203.25,-0.08564959445970288,-0.00950540380279108,20.795056757978973
203.5,-0.09169329560266704,-0.009556301778260945,20.589841492608315
203.75,-0.09309483943953012,-0.009607199753737916,20.31439751134547
204.0,-0.09217962101978117,-0.009658097729207782,19.491128619602055
204.25,-0.08853563547944532,-0.009708995704677648,20.483671540296488
204.5,-0.07784946689488947,-0.009759893680147513,20.30884673864614
204.75,-0.06085705183429724,-0.009810791655617379,20.60244191514905
205.0,-0.06101579377764921,-0.009861689631087245,19.9981640973764
205.25,-0.07443838670468494,-0.00991258760655711,19.695309921534662
205.5,-0.07753933277177794,-0.009963485582026976,17.90762559854359
205.75,-0.06775138584260532,-0.010014383557503947,16.453529352182723
206.0,-0.05467079199094371,-0.010065281532973813,15.77210891595305
206.25,-0.05637619074919087,-0.010116179508443679,16.80139623685006
206.5,-0.07352209993521086,-0.010167077483913545,19.317280206304886
206.75,-0.08814437770926986,-0.01021797545938341,19.980888931279093
207.0,-0.09905101684909567,-0.010268873434853276,19.289771497133184
207.25,-0.09714293299345655,-0.010319771410323142,18.81096725143601
207.5,-0.09540182200325376,-0.010370669385800113,19.376745091566335
207.75,-0.1004646798602451,-0.010421567361269979,21.3416725643407
208.0,-0.109752007441692,-0.010472465336739845,22.63022805017158
208.25,-0.11473439403286534,-0.01052336331220971,23.925122930468504
208.5,-0.11596448894623279,-0.010574261287679576,20.803617035729406
208.75,-0.09943073693009552,-0.010625159263149442,20.477128600058762
209.0,-0.09502064529153387,-0.010676057238619308,21.51079508026024
209.25,-0.11217127735837096,-0.010726955214096279,21.835571087177684
209.5,-0.11613877836445141,-0.010777853189566144,21.747031585014746
209.75,-0.10389810385119347,-0.01082875116503601,20.943025434734007
210.0,-0.08684360213680975,-0.010879649140505876,20.858523925875673
210.25,-0.058056788296156014,-0.010930547115975742,20.955137661025947
210.5,-0.03275699018022493,-0.010981445091445607,21.169404932068538
210.75,-0.006519181490382664,-0.011032343066915473,21.36423107205941
211.0,0.021036178095812375,-0.011083241042385339,20.836684400670052
211.25,0.014897831892099589,-0.01113413901786231,19.37094260875172
211.5,0.00019056365571401557,-0.011185036993332176,18.039138016769535
211.75,-0.00921784854624974,-0.011235934968802042,18.37182140131532
212.0,-0.012055508401068948,-0.011286832944271907,17.733884179150916
212.25,-0.008219273045504849,-0.011337730919741773,17.58214138150292
212.5,-0.0033589826364135433,-0.011388628895211639,18.04718591231447
212.75,0.002412355801851618,-0.011439526870681505,19.878159199146626
213.0,0.008419648662588486,-0.011490424846158476,23.554040294248043
213.25,0.009924189855055943,-0.011541322821628341,22.97545023419228
213.5,0.02896289613984493,-0.011592220797098207,19.79688736758175
213.75,0.06213700432863334,-0.011643118772568073,17.34394120347233
214.0,0.09013382408911497,-0.011694016748037939,19.084537312146423
214.25,0.0913594102496873,-0.011744914723507804,19.78517542137704
214.5,0.06026841403926397,-0.01179581269897767,20.983251414056305
214.75,0.031383284205269035,-0.011846710674454641,21.527032211692074
215.0,0.026542217045360417,-0.011897608649924507,21.032278281979494
215.25,0.04980301384568975,-0.011948506625394373,19.701789655332597
215.5,0.08374857091155263,-0.011999404600864239,21.566000549297076
215.75,0.08776537362182069,-0.012050302576334104,22.56833135341038
216.0,0.061069003120024945,-0.01210120055180397,23.57359736129481
216.25,0.031105427217802628,-0.012152098527273836,24.65275970446511
216.5,0.01790126297149186,-0.012202996502743702,23.058132298918707
216.75,0.015551378880843458,-0.012253894478220673,20.0674311170004
217.0,0.01845588981493762,-0.012304792453690538,19.430323178307912
217.25,0.01143071757528702,-0.012355690429160404,21.508204398379014
217.5,-0.010983857289929233,-0.01240658840463027,20.643813835714177
217.75,-0.016936898375156773,-0.012457486380100136,18.640417924846243
218.0,-0.001253839121289957,-0.012508384355570001,18.47255640015852
218.25,0.01603717578854713,-0.012559282331039867,20.74807440034934
218.5,0.01998400798765232,-0.012610180306516838,22.22271723742878
218.75,-0.002626779548450031,-0.012661078281986704,22.692867451931047
219.0,-0.023605749256944364,-0.01271197625745657,23.124224752903423
219.25,-0.02569822727611637,-0.012762874232926436,21.405248079081964
219.5,-0.03009853323318623,-0.012813772208396301,20.522758360728325
219.75,-0.024892841261426213,-0.012864670183866167,18.37570583723994
220.0,-0.02187088752953059,-0.012915568159336033,17.633736959748113
220.25,-0.024784039525705737,-0.012966466134805898,17.722319402042885
220.5,-0.023157918687324752,-0.01301736411028287,18.00022218954577
220.75,-0.014663529967705813,-0.013068262085752735,18.80495679051489
221.0,-0.0009813114260168732,-0.013119160061222601,21.758319291940893
221.25,-0.00574783494406006,-0.013170058036692467,23.209240218596534
221.5,-0.05736794646274035,-0.013220956012162333,21.897065969146595
221.75,-0.09230659919652595,-0.013271853987632198,20.326069243045826
222.0,-0.09092953014050664,-0.013322751963102064,20.15399435512469
222.25,-0.06932413155045936,-0.013373649938579035,20.675151483270085
222.5,-0.04815330703379317,-0.013424547914048901,21.34447481220588
222.75,-0.047268250877792184,-0.013475445889518767,21.60123507673331
223.0,-0.055638115880867645,-0.013526343864988633,21.468630261295637
223.25,-0.06273337309047378,-0.013577241840458498,23.255156681174363
223.5,-0.07183410372215349,-0.013628139815928364,23.790470334047686
223.75,-0.07285217825396728,-0.01367903779139823,21.206922083851904
224.0,-0.06806011234235143,-0.013729935766875201,19.352820773575576
224.25,-0.07736200819590522,-0.013780833742345067,18.89194945044515
224.5,-0.09795309964860621,-0.013831731717814932,20.037873206538748
224.75,-0.10721712078065337,-0.013882629693284798,20.805028414835753
225.0,-0.08780939272384103,-0.013933527668754664,21.107526063598815
225.25,-0.062466892517051065,-0.01398442564422453,19.721891461229085
225.5,-0.06073150573484298,-0.014035323619694395,18.765065622965274
225.75,-0.0696251436942319,-0.014086221595164261,20.43051469880833
226.0,-0.08184968436636098,-0.014137119570641232,20.47230238975486
226.25,-0.08359074293336732,-0.014188017546111098,20.724374399706605
226.5,-0.09490959568528723,-0.014238915521580964,19.45596108052807
226.75,-0.1121825086363657,-0.01428981349705083,18.649175713628022
227.0,-0.11889983529079018,-0.014340711472520695,19.57473678796195
227.25,-0.10667335461251781,-0.014391609447990561,19.75102441378485
227.5,-0.08483704538293324,-0.014442507423460427,20.923549416608374
227.75,-0.06448877895550709,-0.014493405398937398,20.2472590161537
228.0,-0.05796718266077505,-0.014544303374407264,20.52120764348507
228.25,-0.05103885760160409,-0.01459520134987713,21.393299500297374
228.5,-0.04805521880918917,-0.014646099325346995,22.892351527055865
228.75,-0.045223266390543415,-0.01469699730081686,23.087522383805144
229.0,-0.021905365049292413,-0.014747895276286727,23.79669036108126
229.25,0.004180644829432367,-0.014798793251756592,22.842289457712404
229.5,0.010110126086125604,-0.014849691227233563,24.508354003058777
229.75,0.006704347763559326,-0.01490058920270343,24.302855196420442
230.0,0.0158226166326898,-0.014951487178173295,22.226890885046924
230.25,0.04848676892355286,-0.01500238515364316,21.268823852573817
230.5,0.060872608622901225,-0.015053283129113026,21.843307563302726
230.75,0.036673195183134055,-0.015104181104582892,21.09536366826068
231.0,0.0008899445827026398,-0.015155079080052758,18.639102552070298
231.25,-0.008763010246703118,-0.015205977055522624,18.428241164024392
231.5,-0.004133487226425814,-0.015256875030999595,19.924746321139462
231.75,-0.01797823455044778,-0.01530777300646946,21.245702102250146
232.0,-0.0504103370539184,-0.015358670981939326,20.346676724755746
232.25,-0.06598763676409192,-0.015409568957409192,19.732089849930464
232.5,-0.05942971405780639,-0.015460466932879058,19.35828337273477
232.75,-0.037053530732400475,-0.015511364908348924,19.187418837518898
233.0,-0.014454511707953088,-0.01556226288381879,20.423749459742538
233.25,0.004043970910075245,-0.01561316085929576,22.822771002875903
233.5,0.030517366832448545,-0.015664058834765626,23.637885727727834
233.75,0.04438166950399847,-0.015714956810235492,22.245682291754648
234.0,0.05675554473321398,-0.015765854785705358,20.59702529661635
234.25,0.05581988239587332,-0.015816752761175223,19.332700110889938
234.5,0.04730897701608683,-0.01586765073664509,20.519981861095687
234.75,0.048920184594130944,-0.015918548712114955,21.409808445270208
235.0,0.059796022442832,-0.015969446687591926,21.51467768800234
235.25,0.056805490245935175,-0.016020344663061792,20.9166189541613
235.5,0.03113742733035707,-0.016071242638531658,19.31467064229755
235.75,-0.004713163055384939,-0.016122140614001523,19.63682025658319
236.0,-0.01879298941979357,-0.01617303858947139,19.72026327425244
236.25,-0.007034653825215287,-0.016223936564941255,18.630033329856467
236.5,0.021338182549769158,-0.01627483454041112,18.958640889048954
236.75,0.04395914018025593,-0.016325732515880986,19.547340240881642
237.0,0.053715332144975036,-0.016376630491357957,22.104824067856747
237.25,0.04103185241990559,-0.016427528466827823,23.630438359684387
237.5,0.01670435095720535,-0.01647842644229769,23.75822518526825
237.75,0.0009880708498286594,-0.016529324417767555,23.125276296644827
238.0,0.018997951441626526,-0.01658022239323742,23.676876975788375
238.25,0.052975765940367125,-0.016631120368707286,22.644998826235994
238.5,0.07609405650278944,-0.016682018344177152,21.575602541922123
238.75,0.08678933426565294,-0.016732916319654123,20.377862825160882
239.0,0.10193618810981064,-0.01678381429512399,19.77555314356578
239.25,0.11184796650243811,-0.016834712270593855,19.289011277178385
239.5,0.10806154402751389,-0.01688561024606372,19.501987695070596
239.75,0.08544719725315275,-0.016936508221533586,18.718061404726846
240.0,0.05663348168798166,-0.016987406197003452,18.219745617920346
240.25,0.02834299752836955,-0.017038304172473318,17.506589863121334
240.5,0.01808496474406951,-0.01708920214795029,17.71823902933305
240.75,0.01573942474895773,-0.017140100123420154,18.830162075254016
241.0,0.015129429183765808,-0.01719099809889002,20.901984916349853
241.25,0.018707399471800557,-0.017241896074359886,21.290727849109047
241.5,0.02241798556504193,-0.01729279404982975,19.832074643429983
241.75,0.022097639135346014,-0.017343692025299617,19.26175004107303
242.0,0.003916211353029553,-0.017394590000769483,19.774667541665476
242.25,-0.011641975548201344,-0.01744548797623935,21.211886968322524
242.5,-0.005471232449096419,-0.01749638595171632,20.345500652475685
242.75,0.026300149151161634,-0.017547283927186186,18.254678441161502
243.0,0.05139908642892976,-0.01759818190265605,20.059820947258192
243.25,0.034926227336114835,-0.017649079878125917,18.67122012657878
243.5,-0.01959227779232009,-0.017699977853595783,17.926611351663816
243.75,-0.05703131279495466,-0.01775087582906565,18.815744681655833
244.0,-0.059610353253255255,-0.017801773804535515,19.37170249192281
244.25,-0.041019054135560395,-0.017852671780012486,21.182864899977435
244.5,-0.03069753042774437,-0.01790356975548235,21.293330492518827
244.75,-0.0500029176522645,-0.017954467730952217,20.27893569877807
245.0,-0.06611698583198944,-0.018005365706422083,23.10556692171199
245.25,-0.04888459172089199,-0.01805626368189195,23.056773401349183
245.5,-0.032924663806454646,-0.018107161657361814,21.025610259001297
245.75,-0.03578504884226419,-0.01815805963283168,19.968975525355987
246.0,-0.04854841389343534,-0.01820895760830865,21.009032955812877
246.25,-0.04548520273983314,-0.018259855583778517,20.94304596834734
246.5,-0.017790866576568476,-0.018310753559248383,21.40548757408087
246.75,0.03162610716136527,-0.01836165153471825,20.003615967333527
247.0,0.06005491160309617,-0.018412549510188114,20.69927332967565
247.25,0.05198914052255077,-0.01846344748565798,19.713807268631808
247.5,0.03534488982248973,-0.018514345461127846,19.35257106437961
247.75,0.033528316665069724,-0.01856524343659771,19.103352415011607
248.0,0.0367074514094341,-0.018616141412074683,19.53465529713583
248.25,0.04348008366350342,-0.01866703938754455,18.857355193279247
248.5,0.03852218381705086,-0.018717937363014414,19.55177861315558
248.75,0.03172084136183173,-0.01876883533848428,18.96795138525972
249.0,0.02274826389274409,-0.018819733313954146,19.57865962754601
249.25,0.014302205509139299,-0.01887063128942401,21.84589151866004
249.5,0.012668383235158842,-0.018921529264893877,21.237718968885275
249.75,0.017553559645378414,-0.01897242724037085,18.65809318100559
250.0,0.014652590666813126,-0.019023325215840714,17.802507152836522
250.25,0.001311647412293837,-0.01907422319131058,18.50685276768589
250.5,-0.012841241091855693,-0.019125121166780445,18.432580193613447
250.75,-0.02570390781596643,-0.01917601914225031,19.891069598969942
251.0,-0.040301586494308594,-0.019226917117720177,20.88383046852453
251.25,-0.05159633780291273,-0.019277815093190043,21.112021196270717
251.5,-0.04280530923369241,-0.019328713068667014,21.035838097978395
251.75,-0.03236804919654901,-0.01937961104413688,20.233628143798672
252.0,-0.024744752524938463,-0.019430509019606745,21.394511664480515
252.25,-0.016927869275846774,-0.01948140699507661,22.80167204924073
252.5,-0.023478289542168795,-0.019532304970546477,21.80769403300552
252.75,-0.047927596452957744,-0.019583202946016343,21.04504766105373
253.0,-0.05426634094730076,-0.01963410092148621,21.329232595590955
253.25,-0.04544921268061586,-0.019684998896956074,20.96566535472912
253.5,-0.02622791558042792,-0.019735896872433045,20.794016121638926
253.75,-0.028714603689692808,-0.01978679484790291,20.74608461320357
254.0,-0.05642984032389364,-0.019837692823372777,22.492192093297092
254.25,-0.07952771856961505,-0.019888590798842642,21.319460832338407
254.5,-0.07533303646307843,-0.019939488774312508,22.476406952653857
254.75,-0.06005831592741373,-0.019990386749782374,22.287017226587565
255.0,-0.060295498404585146,-0.02004128472525224,22.322191585576178
255.25,-0.09060437487205775,-0.02009218270072921,23.144377813441025
255.5,-0.12424976103473284,-0.020143080676199077,19.321510589183195
255.75,-0.11682506117013247,-0.020193978651668942,19.25388272732565
256.0,-0.07124282729903086,-0.020244876627138808,18.40852256535227
256.25,-0.040621252068717695,-0.020295774602608674,18.726217252255363
256.5,-0.04639512009583768,-0.02034667257807854,18.216919789355106
256.75,-0.049646179610427055,-0.020397570553548405,18.780132971219924
257.0,-0.032752166166631014,-0.020448468529025376,18.123638323302945
257.25,-0.0023608236534329308,-0.020499366504495242,20.00013051675115
257.5,0.02786295235876679,-0.020550264479965108,20.855009814113842
257.75,0.05075113295745837,-0.020601162455434974,21.442093386727358
258.0,0.08159461448056504,-0.02065206043090484,24.447963910731158
258.25,0.10273342235971228,-0.020702958406374705,24.65597899029554
258.5,0.09222244932917789,-0.02075385638184457,25.90881390429955
258.75,0.06441755710461194,-0.020804754357314437,23.41249907221119
259.0,0.03188910896221131,-0.020855652332791408,22.611867134406964
259.25,0.02255749427445153,-0.020906550308261274,20.275389591765602
259.5,0.04398812428292587,-0.02095744828373114,20.418649650719235
259.75,0.05821839205692214,-0.021008346259201005,20.226951689729823
260.0,0.04902964010016575,-0.02105924423467087,19.91991278259412
260.25,0.018011342885792203,-0.021110142210140737,19.38054707424024
260.5,-0.009135763562703403,-0.021161040185610602,18.671655361612235
260.75,-0.007371720924687963,-0.021211938161087573,19.371187800198918
261.0,0.007423250800179915,-0.02126283613655744,19.080419282079713
261.25,0.019594085498496838,-0.021313734112027305,19.590123835879293
261.5,0.025138660737184182,-0.02136463208749717,18.71421655894052
261.75,0.02978666241659056,-0.021415530062967036,17.751986165340494
262.0,0.01500805926342963,-0.021466428038436902,16.789479990110454
262.25,-0.017809514484476097,-0.021517326013906768,16.316720494205896
262.5,-0.04748814598936235,-0.02156822398938374,17.16417900904726
262.75,-0.04412266148288069,-0.021619121964853605,18.242117853162434
263.0,-0.023597204725014365,-0.02167001994032347,19.873299099604644
263.25,-0.0016974659684407811,-0.021720917915793336,20.682218331463694
263.5,0.014347236991213208,-0.021771815891263202,21.458962523532495
263.75,0.008372620744239612,-0.021822713866733068,20.46982641558573
264.0,-0.010422042490048966,-0.021873611842202934,20.424271147963694
264.25,-0.04698021045113876,-0.0219245098176728,20.876924535714817
264.5,-0.09057718634248602,-0.02197540779314977,19.494372298353944
264.75,-0.09959046145991124,-0.022026305768619636,19.34785898080192
265.0,-0.07920513618110192,-0.022077203744089502,18.643746524349684
265.25,-0.05598867549309716,-0.022128101719559368,19.081873577545544
265.5,-0.03364051804003054,-0.022178999695029233,21.15722183353874
265.75,-0.02733697722563022,-0.0222298976704991,22.471090583161214
266.0,-0.04206156425073715,-0.022280795645968965,20.40437042751784
266.25,-0.06343862526605193,-0.022331693621445936,18.79952380999156
266.5,-0.0786911055109698,-0.022382591596915802,20.340755979199724
266.75,-0.09216650570616736,-0.022433489572385668,21.68971087277346
267.0,-0.1008055995028414,-0.022484387547855533,23.981035244534105
267.25,-0.10343241314819807,-0.0225352855233254,24.262635128804515
267.5,-0.10329453746117423,-0.022586183498795265,21.46910023145091
267.75,-0.08168162821176139,-0.02263708147426513,18.73499839581418
268.0,-0.05563135105392547,-0.0226879794497421,17.744465892863655
268.25,-0.0623440707256151,-0.022738877425211967,17.886118064930134
268.5,-0.09498193303944902,-0.022789775400681833,18.77828242539345
268.75,-0.12120372003261792,-0.0228406733761517,20.195667637564533
269.0,-0.12404033698337003,-0.022891571351621565,22.8530743370391
269.25,-0.10791234944532846,-0.02294246932709143,23.13810421099074
269.5,-0.094356683180429,-0.022993367302561296,22.047914848347077
269.75,-0.07783378074857694,-0.023044265278031162,21.60134721255237
270.0,-0.03353026722170682,-0.023095163253508133,20.300728341084312
270.25,0.00261295327791089,-0.023146061228978,19.347129951719953
270.5,-0.0005893741420877063,-0.023196959204447865,18.84359999792408
270.75,-0.01572994053152854,-0.02324785717991773,17.05603610744061
271.0,-0.023275692512406465,-0.023298755155387596,17.397168911565764
271.25,-0.001329550786714151,-0.023349653130857462,16.866135181228344
271.5,0.040036504190133826,-0.023400551106327327,18.81200440351075
271.75,0.06453810072112276,-0.0234514490818043,20.623953808915104
272.0,0.05803108146324831,-0.023502347057274164,21.713119001686284
272.25,0.004952425770341051,-0.02355324503274403,22.711034617713246
272.5,-0.04748401006605718,-0.023604143008213896,21.19637555498801
272.75,-0.04629665307833619,-0.02365504098368376,20.13279610807851
273.0,-0.001125423102628531,-0.023705938959153627,19.391381227547136
273.25,0.04198998811867938,-0.023756836934623493,19.184617810150126
273.5,0.057531030590453724,-0.023807734910100464,21.950314371120374
273.75,0.06052044433285175,-0.02385863288557033,20.77461735480961
274.0,0.06383986511348638,-0.023909530861040196,19.930934569961916
274.25,0.06893699317163282,-0.02396042883651006,19.142109618068513
274.5,0.08436918458986753,-0.024011326811979927,19.418795929945006
274.75,0.0916116403263203,-0.024062224787449793,21.15247703110089
275.0,0.09117121000166861,-0.02411312276291966,20.679444412944154
275.25,0.07051125849269368,-0.024164020738389524,18.55254809465714
275.5,0.040752120785647605,-0.024214918713866496,18.159379378637762
275.75,0.028731196078780386,-0.02426581668933636,18.854842831015862
276.0,0.05586884413780524,-0.024316714664806227,19.768928740669903
276.25,0.0876222064173362,-0.024367612640276093,19.776105175312054
276.5,0.08778127614925779,-0.02441851061574596,19.07289113017925
276.75,0.035816452024235446,-0.024469408591215824,18.147617666257357
277.0,-0.0023071187639445156,-0.02452030656668569,18.63402679008771
277.25,-0.003149596280891842,-0.02457120454216266,17.686797343536686
277.5,0.02068635571816202,-0.024622102517632527,17.282331922590256
277.75,0.024117152626509153,-0.024673000493102393,17.86351754151587
278.0,0.009540460380726756,-0.02472389846857226,19.028366507081216
278.25,0.0068412016404337805,-0.024774796444042124,23.46543498143397
278.5,0.007253883061373756,-0.02482569441951199,22.037762104241594
278.75,0.005878338624789592,-0.024876592394981856,20.96111489241219
279.0,0.028000145023199252,-0.024927490370458827,19.679632992052895
279.25,0.05399369282988431,-0.024978388345928693,19.225841289337847
279.5,0.05068188340926838,-0.02502928632139856,18.101899542062604
279.75,0.019697654407700327,-0.025080184296868424,20.86994508965498
280.0,-0.008526677105386682,-0.02513108227233829,20.25196605349061
280.25,-0.0203142176026887,-0.025181980247808156,17.661064646175067
280.5,-0.03265780762213666,-0.02523287822327802,17.241067006520755
280.75,-0.053023136868525,-0.025283776198747887,18.338068198977016
281.0,-0.05881708152028864,-0.025334674174224858,19.58043450993121
281.25,-0.04435279303050521,-0.025385572149694724,18.40474019574235
281.5,-0.05094358978629998,-0.02543647012516459,18.543788033696227
281.75,-0.07480237555535751,-0.025487368100634455,18.112686719816363
282.0,-0.08879327634206646,-0.02553826607610432,19.37660005052246
282.25,-0.07592650676142654,-0.025589164051574187,22.566460450601518
282.5,-0.05688022718491226,-0.025640062027044053,21.382459744383727
282.75,-0.05530835549062374,-0.025690960002521024,20.206287352896346
283.0,-0.06745939004778734,-0.02574185797799089,19.20470065309253
283.25,-0.07502745077887596,-0.025792755953460755,17.97806960129312
283.5,-0.07494144084505905,-0.02584365392893062,17.081508952124945
283.75,-0.07487762003464127,-0.025894551904400487,17.55205134634811
284.0,-0.07387827660109281,-0.025945449879870353,19.228473460931323
284.25,-0.08377199073736818,-0.02599634785534022,21.32538350401916
284.5,-0.0828878549695986,-0.02604724583081719,23.48822721273757
284.75,-0.06098169310257617,-0.026098143806287055,25.21919712928463
285.0,-0.04485364877304221,-0.02614904178175692,22.74362010381633
285.25,-0.053037515070549546,-0.026199939757226787,20.818693253711285
285.5,-0.06511478942749704,-0.026250837732696652,19.281239920510068
285.75,-0.07658989515923764,-0.026301735708166518,19.92779177882625
286.0,-0.08017936732654363,-0.026352633683636384,21.327214433061535
286.25,-0.0883889085933518,-0.02640353165910625,19.677205318578388
286.5,-0.09995281055141447,-0.02645442963458322,17.97710973942177
286.75,-0.09798360427162578,-0.026505327610053087,18.02779248306419
287.0,-0.10587217547823968,-0.026556225585522952,18.980117235387894
287.25,-0.11855698205759069,-0.026607123560992818,16.587950876040992
287.5,-0.11475969382465223,-0.026658021536462684,15.810641130371689
287.75,-0.11015812746693143,-0.02670891951193255,16.739029986713042
288.0,-0.10393725009324584,-0.026759817487402415,18.045725214638757
288.25,-0.10266204307412607,-0.026810715462879386,19.425573105665684
288.5,-0.10399535771765755,-0.026861613438349252,19.147627807062584
288.75,-0.10071853547346876,-0.026912511413819118,19.999839448337212
289.0,-0.0970371775191623,-0.026963409389288984,19.116102223689403
289.25,-0.09093251868284113,-0.02701430736475885,20.603606645302918
289.5,-0.0755152763669642,-0.027065205340228715,21.18624000993033
289.75,-0.06783586869856606,-0.02711610331569858,21.755115155053776
290.0,-0.0733118402440951,-0.027167001291168447,21.080577564225
290.25,-0.0899449269556385,-0.027217899266645418,20.71946491312704
290.5,-0.10386266427199331,-0.027268797242115284,21.508272855908576
290.75,-0.12171570007446775,-0.02731969521758515,22.188961036691722
291.0,-0.1441799212599264,-0.027370593193055015,21.911558519848352
291.25,-0.15503667081978278,-0.02742149116852488,21.544189888542164
291.5,-0.1517936104489621,-0.027472389143994747,22.397262950483107
291.75,-0.14848115680932494,-0.027523287119464612,23.77210803896279
292.0,-0.14212166717923225,-0.027574185094941583,25.488434370764278
292.25,-0.1355114521784202,-0.02762508307041145,24.080987694479525
292.5,-0.1253039010415833,-0.027675981045881315,23.50827400764335
292.75,-0.10782921703030013,-0.02772687902135118,23.670746119509015
293.0,-0.08216205753151229,-0.027777776996821046,24.693756256858318
293.25,-0.05619420434432243,-0.027828674972290912,23.679863133309482
293.5,-0.04845088558213462,-0.027879572947760778,22.70429154595583
293.75,-0.05906368654613203,-0.02793047092323775,21.659307847190647
294.0,-0.08124993366894984,-0.027981368898707615,19.172872413569493
